Month,"East North Central
(NSA)","East North Central
(SA)","East South Central
(NSA)","East South Central
(SA)","Middle Atlantic
(NSA)","Middle Atlantic
(SA)","Mountain

(NSA)","Mountain

(SA)","New England

(NSA)","New England

(SA)","Pacific

(NSA)","Pacific

(SA)","South Atlantic
(NSA)","South Atlantic
(SA)","West North Central
(NSA)","West North Central
(SA)","West South Central
(NSA)","West South Central
(SA)","USA

(NSA)","USA

(SA)"
,,,,,,,,,,,,,,,,,,,,
1/1/91,100.00,100.00,100.00,100.00,100.00,100.00,100.00,100.00,100.00,100.00,100.00,100.00,100.00,100.00,100.00,100.00,100.00,100.00,100.00,100.00
2/1/91,100.93,100.98,100.95,100.57,100.04,100.29,98.32,98.75,101.79,102.31,100.13,100.53,100.59,100.49,100.51,100.51,99.86,99.64,100.38,100.46
3/1/91,101.30,100.90,100.90,100.48,99.97,99.76,100.21,100.64,101.51,101.24,99.98,100.12,100.99,100.63,100.34,100.04,100.66,100.54,100.67,100.47
4/1/91,101.70,100.99,100.83,100.48,99.42,99.16,100.27,100.37,100.97,100.89,100.16,100.13,100.86,100.42,100.78,100.29,100.41,100.11,100.66,100.31
5/1/91,102.31,101.35,101.12,100.74,99.66,99.21,100.69,100.47,99.66,99.57,100.36,100.11,100.75,100.50,100.68,100.17,100.81,100.29,100.82,100.36
6/1/91,102.78,101.50,102.04,101.52,99.78,98.93,102.07,101.55,99.19,98.53,100.47,99.93,101.27,100.54,101.35,100.46,101.99,101.00,101.35,100.51
7/1/91,102.97,101.85,101.89,101.40,100.21,99.18,101.43,101.31,99.13,98.63,100.42,99.84,101.00,100.44,101.29,100.31,101.79,100.90,101.30,100.54
8/1/91,103.13,102.03,101.67,100.82,99.72,98.78,101.81,101.29,98.32,97.81,100.75,100.00,100.82,100.01,101.74,100.67,101.57,100.60,101.26,100.38
9/1/91,102.83,102.01,101.96,101.17,100.27,99.39,101.90,101.68,99.84,98.90,100.26,99.47,100.69,100.08,101.55,100.79,102.15,101.47,101.34,100.60
10/1/91,103.06,102.31,101.96,101.63,100.10,99.11,103.02,102.55,99.19,98.61,100.81,100.30,101.64,100.89,101.89,101.47,101.35,100.70,101.57,100.92
11/1/91,103.95,103.31,102.79,102.20,101.03,100.19,103.96,103.74,98.21,97.16,100.84,100.56,101.97,101.19,101.74,101.37,101.86,101.30,102.01,101.41
12/1/91,103.75,103.42,103.39,103.27,100.74,100.48,103.72,103.69,99.01,98.52,101.02,100.71,101.87,101.59,102.80,102.44,102.23,102.04,102.15,101.88
1/1/92,103.85,103.87,103.29,103.30,100.76,100.78,104.39,104.47,99.74,99.77,100.99,101.00,101.85,101.84,102.29,102.31,102.39,102.38,102.21,102.22
2/1/92,104.34,104.39,104.51,104.14,101.77,102.07,105.08,105.56,99.77,100.34,101.03,101.45,102.71,102.61,102.83,102.85,103.48,103.27,102.88,102.97
3/1/92,105.52,105.13,104.26,103.82,101.43,101.24,105.55,106.00,99.63,99.39,100.67,100.81,102.61,102.26,103.89,103.54,102.85,102.74,103.00,102.81
4/1/92,105.90,105.16,103.72,103.36,101.17,100.92,105.83,105.90,98.44,98.38,100.42,100.38,102.29,101.83,104.07,103.54,103.12,102.80,102.91,102.55
5/1/92,106.56,105.56,104.49,104.10,100.85,100.37,106.54,106.27,97.51,97.39,100.49,100.21,102.23,101.98,104.39,103.83,103.19,102.61,103.07,102.58
6/1/92,106.91,105.57,104.74,104.16,101.25,100.33,107.53,106.95,96.95,96.23,100.30,99.74,102.44,101.70,105.13,104.18,104.03,103.04,103.39,102.52
7/1/92,107.14,105.97,105.27,104.73,101.47,100.36,107.45,107.24,97.14,96.54,100.63,99.99,102.74,102.14,105.65,104.59,104.32,103.42,103.68,102.86
8/1/92,107.59,106.43,106.31,105.41,101.44,100.41,108.58,107.98,98.10,97.56,100.91,100.14,103.80,102.94,105.92,104.79,104.87,103.86,104.26,103.33
9/1/92,107.58,106.72,106.68,105.87,102.19,101.29,108.71,108.41,98.41,97.48,101.00,100.20,104.11,103.46,106.25,105.40,104.86,104.16,104.49,103.72
10/1/92,108.17,107.35,106.95,106.57,102.44,101.45,110.02,109.51,98.39,97.83,100.04,99.55,104.35,103.61,106.04,105.57,105.62,104.95,104.69,104.02
11/1/92,108.42,107.77,106.90,106.28,103.03,102.23,110.36,110.14,99.37,98.35,99.86,99.60,104.24,103.46,106.45,106.01,106.02,105.44,104.91,104.31
12/1/92,108.73,108.41,106.92,106.76,101.57,101.33,111.23,111.20,97.70,97.27,99.49,99.21,103.52,103.24,106.57,106.18,105.26,105.09,104.49,104.22
1/1/93,108.47,108.54,107.00,107.02,100.94,101.01,111.75,111.92,96.57,96.58,98.63,98.66,103.33,103.27,107.23,107.29,105.37,105.37,104.25,104.28
2/1/93,108.30,108.33,106.93,106.61,100.40,100.79,111.76,112.30,94.45,95.04,97.65,98.09,103.28,103.17,107.57,107.65,105.66,105.47,103.94,104.06
3/1/93,109.27,108.91,108.39,107.93,100.78,100.63,112.06,112.52,95.54,95.37,98.12,98.26,104.04,103.69,107.15,106.78,106.16,106.06,104.56,104.38
4/1/93,110.25,109.46,108.77,108.34,101.73,101.48,114.00,114.00,96.43,96.39,98.35,98.31,104.76,104.28,108.73,108.16,106.91,106.57,105.41,105.03
5/1/93,110.85,109.81,109.20,108.76,102.33,101.79,115.06,114.72,96.27,96.04,98.18,97.87,104.67,104.40,109.49,108.85,107.75,107.06,105.79,105.25
6/1/93,111.95,110.52,109.60,108.90,102.57,101.56,116.22,115.60,97.61,96.65,98.51,97.91,105.66,104.87,110.48,109.45,108.67,107.65,106.59,105.64
7/1/93,112.19,110.93,109.98,109.36,102.33,101.12,116.98,116.61,97.28,96.47,97.52,96.81,105.62,104.94,111.03,109.87,109.12,108.18,106.59,105.68
8/1/93,112.62,111.39,110.91,109.94,102.59,101.41,118.52,117.83,97.01,96.30,98.02,97.23,106.02,105.11,111.82,110.59,109.56,108.49,107.09,106.08
9/1/93,113.11,112.18,111.83,110.99,102.31,101.42,119.54,119.12,96.81,95.88,97.70,96.96,106.16,105.45,112.31,111.37,109.44,108.71,107.25,106.44
10/1/93,113.22,112.34,111.36,110.91,102.57,101.63,120.31,119.76,95.78,95.21,97.70,97.26,106.24,105.53,112.54,112.01,110.15,109.46,107.37,106.69
11/1/93,113.55,112.88,112.18,111.57,102.47,101.77,121.13,120.96,97.23,96.32,96.99,96.79,106.46,105.71,112.97,112.48,110.46,109.82,107.59,107.01
12/1/93,113.78,113.45,112.27,112.08,101.94,101.74,121.77,121.78,97.02,96.67,97.06,96.86,106.89,106.62,113.57,113.19,110.87,110.70,107.78,107.53
1/1/94,114.03,114.18,112.82,112.85,102.31,102.46,122.26,122.55,95.98,95.96,96.69,96.79,106.56,106.45,113.57,113.76,110.50,110.51,107.71,107.78
2/1/94,114.40,114.42,114.07,113.80,101.17,101.67,123.41,124.05,96.08,96.80,96.14,96.63,106.92,106.80,113.61,113.78,111.26,111.13,107.86,108.03
3/1/94,115.16,114.82,114.12,113.66,101.68,101.56,124.44,124.91,97.72,97.70,96.40,96.49,107.46,107.08,115.11,114.71,112.23,112.13,108.57,108.39
4/1/94,116.36,115.53,115.22,114.72,101.85,101.60,125.95,125.81,96.67,96.67,96.95,96.87,108.14,107.64,115.68,115.08,112.06,111.69,109.12,108.71
5/1/94,117.17,116.05,115.64,115.12,102.61,101.96,127.77,127.31,97.25,96.94,96.82,96.43,108.17,107.87,116.21,115.45,113.49,112.67,109.71,109.08
6/1/94,117.89,116.36,116.25,115.42,102.95,101.81,128.77,128.09,98.70,97.52,97.19,96.53,108.91,108.07,116.91,115.79,113.54,112.48,110.30,109.27
7/1/94,117.91,116.55,116.48,115.78,103.28,101.93,129.14,128.55,98.11,97.12,97.09,96.26,109.11,108.36,117.55,116.27,113.42,112.43,110.40,109.38
8/1/94,118.36,117.05,117.31,116.28,103.11,101.74,130.20,129.40,97.38,96.55,96.91,96.08,109.67,108.68,118.02,116.71,114.11,112.99,110.72,109.62
9/1/94,118.40,117.38,116.93,116.11,102.16,101.29,130.59,130.01,97.61,96.71,96.96,96.28,109.76,108.99,117.64,116.61,113.78,113.02,110.57,109.73
10/1/94,118.99,118.05,117.59,117.15,102.46,101.58,131.25,130.69,97.03,96.48,96.41,96.04,109.70,109.04,117.55,116.93,114.03,113.35,110.68,110.00
11/1/94,119.18,118.53,118.26,117.67,101.63,101.07,131.18,131.08,97.12,96.44,95.89,95.72,110.36,109.66,118.36,117.81,114.23,113.56,110.77,110.23
12/1/94,118.90,118.59,117.84,117.63,100.36,100.21,131.84,131.96,97.04,96.85,95.98,95.87,110.17,109.90,117.76,117.42,113.85,113.66,110.45,110.24
1/1/95,119.12,119.37,117.77,117.80,100.38,100.58,131.47,131.93,96.21,96.21,95.89,96.08,110.36,110.20,117.85,118.17,113.93,113.95,110.46,110.57
2/1/95,120.02,120.01,119.19,118.99,100.36,100.95,132.60,133.33,96.06,96.82,96.01,96.53,110.83,110.68,118.60,118.86,114.24,114.12,110.94,111.14
3/1/95,120.51,120.16,119.72,119.25,101.10,101.01,132.84,133.25,96.79,96.91,95.65,95.69,110.79,110.36,119.46,119.02,114.19,114.06,111.21,111.00
4/1/95,121.72,120.86,119.47,118.88,101.59,101.35,134.25,133.95,96.93,96.95,95.34,95.21,110.96,110.44,120.18,119.55,115.29,114.88,111.70,111.25
5/1/95,122.02,120.81,119.93,119.33,101.72,100.99,134.75,134.20,97.88,97.48,96.09,95.59,110.89,110.54,120.85,119.93,115.86,114.92,112.10,111.38
6/1/95,123.24,121.62,121.74,120.76,102.55,101.30,136.14,135.42,98.64,97.23,96.13,95.39,111.79,110.87,121.84,120.63,115.93,114.83,112.90,111.77
7/1/95,123.70,122.22,122.11,121.33,102.67,101.21,136.74,135.94,99.22,98.06,96.48,95.57,112.50,111.71,122.45,121.04,116.83,115.77,113.42,112.29
8/1/95,124.29,122.91,122.15,121.08,103.48,101.95,137.35,136.51,98.94,97.96,96.59,95.74,112.75,111.73,123.01,121.63,117.01,115.83,113.76,112.59
9/1/95,124.50,123.40,122.53,121.74,102.25,101.41,137.97,137.28,98.39,97.49,96.05,95.45,112.97,112.16,123.44,122.33,117.33,116.56,113.69,112.83
10/1/95,124.81,123.81,123.28,122.84,101.79,100.97,137.63,137.10,98.40,97.81,95.72,95.41,112.61,112.01,123.53,122.83,116.80,116.13,113.53,112.88
11/1/95,124.71,124.05,123.51,122.94,101.50,101.07,137.54,137.55,98.24,97.74,95.49,95.38,113.11,112.49,123.42,122.79,117.45,116.76,113.60,113.11
12/1/95,125.11,124.83,123.70,123.48,101.59,101.47,138.34,138.59,97.95,97.86,95.43,95.44,112.83,112.58,123.99,123.73,117.81,117.62,113.74,113.58
1/1/96,124.89,125.24,123.83,123.85,101.28,101.53,138.18,138.81,100.09,100.18,95.51,95.78,113.56,113.37,123.38,123.82,117.32,117.37,113.83,114.00
2/1/96,126.00,125.97,123.68,123.52,101.25,101.90,138.57,139.39,98.64,99.47,95.17,95.70,113.34,113.15,123.98,124.29,117.81,117.72,113.94,114.16
3/1/96,126.79,126.41,124.53,124.06,102.31,102.25,139.99,140.28,98.75,99.02,95.69,95.67,114.49,114.00,125.37,124.90,118.21,118.05,114.79,114.56
4/1/96,128.33,127.46,125.42,124.78,102.11,101.90,141.28,140.84,99.30,99.27,95.78,95.58,114.63,114.08,126.36,125.71,118.65,118.16,115.34,114.85
5/1/96,129.00,127.66,126.29,125.60,103.11,102.33,141.49,140.84,100.38,99.89,96.17,95.54,114.77,114.33,126.95,125.87,119.43,118.42,115.93,115.11
6/1/96,129.53,127.84,126.70,125.61,103.46,102.08,142.09,141.34,101.65,100.07,96.47,95.66,115.26,114.24,127.36,126.03,120.08,118.94,116.44,115.22
7/1/96,130.12,128.51,127.71,126.87,103.66,102.09,143.04,142.12,101.25,99.92,96.83,95.87,115.64,114.80,128.17,126.62,119.93,118.78,116.82,115.61
8/1/96,129.87,128.40,127.74,126.69,103.83,102.21,142.68,141.82,101.42,100.27,96.48,95.62,116.04,115.01,128.25,126.77,120.10,118.87,116.84,115.62
9/1/96,130.10,128.93,127.74,127.01,102.87,102.03,143.08,142.32,101.62,100.62,96.29,95.77,116.15,115.32,128.43,127.26,120.10,119.29,116.79,115.91
10/1/96,129.92,128.87,128.21,127.83,102.56,101.79,143.16,142.68,100.98,100.31,96.26,96.02,116.12,115.54,128.34,127.58,119.80,119.16,116.66,116.01
11/1/96,130.73,130.09,128.12,127.55,102.74,102.41,142.97,143.04,100.64,100.27,96.41,96.33,115.86,115.33,128.52,127.85,120.13,119.46,116.81,116.36
12/1/96,130.55,130.32,128.43,128.19,102.11,102.00,142.71,143.06,100.99,100.97,96.38,96.50,116.12,115.89,128.91,128.76,120.30,120.08,116.82,116.70
1/1/97,129.96,130.38,128.46,128.39,102.16,102.39,143.29,144.03,101.26,101.38,95.87,96.21,116.40,116.20,128.29,128.80,119.85,119.93,116.65,116.84
2/1/97,130.67,130.63,129.79,129.63,101.90,102.58,143.55,144.39,100.04,100.83,95.74,96.23,116.73,116.54,128.96,129.29,120.60,120.53,116.93,117.14
3/1/97,131.86,131.42,129.85,129.39,102.52,102.48,144.67,144.77,100.88,101.21,96.93,96.83,117.76,117.26,130.34,129.85,121.13,120.94,117.87,117.61
4/1/97,132.21,131.35,130.53,129.84,103.05,102.88,145.70,145.14,102.50,102.41,97.89,97.62,117.55,117.01,130.36,129.71,121.40,120.83,118.34,117.83
5/1/97,133.60,132.15,130.32,129.56,104.41,103.64,146.14,145.44,102.96,102.41,98.58,97.81,117.76,117.22,131.90,130.68,122.43,121.39,119.17,118.26
6/1/97,134.05,132.32,131.24,130.06,104.35,102.85,146.40,145.57,104.27,102.58,98.81,97.91,118.75,117.67,131.69,130.23,122.66,121.51,119.61,118.31
7/1/97,134.38,132.64,131.59,130.69,104.72,103.08,146.91,145.94,104.18,102.76,99.56,98.59,118.16,117.31,132.91,131.26,122.92,121.69,119.89,118.61
8/1/97,134.63,133.09,131.87,130.86,105.11,103.46,147.35,146.49,104.69,103.40,100.00,99.16,119.18,118.18,132.85,131.28,122.90,121.65,120.31,119.06
9/1/97,134.53,133.29,131.38,130.64,104.10,103.19,147.35,146.60,104.17,103.07,99.95,99.48,119.06,118.21,133.35,132.13,122.95,122.15,120.12,119.21
10/1/97,134.87,133.79,131.28,130.92,105.32,104.53,147.61,147.17,105.28,104.46,99.98,99.79,119.29,118.69,133.38,132.57,123.33,122.70,120.49,119.84
11/1/97,134.80,134.18,132.07,131.49,103.88,103.54,147.45,147.53,105.25,104.93,100.87,100.82,119.90,119.44,133.34,132.62,123.96,123.34,120.67,120.24
12/1/97,134.67,134.49,132.27,132.02,104.38,104.24,147.65,148.10,105.49,105.49,100.81,100.99,119.96,119.72,132.85,132.83,123.90,123.69,120.71,120.61
1/1/98,134.64,135.08,132.86,132.68,104.01,104.17,147.59,148.37,104.31,104.51,101.37,101.77,120.01,119.79,134.26,134.79,124.37,124.50,120.88,121.08
2/1/98,135.78,135.74,132.88,132.69,104.28,104.99,148.58,149.41,106.57,107.46,102.46,102.95,120.79,120.58,134.62,134.97,125.06,125.00,121.72,121.93
3/1/98,136.62,136.13,134.06,133.64,105.72,105.76,149.51,149.46,106.69,107.13,103.54,103.36,121.40,120.89,135.53,135.07,125.64,125.42,122.60,122.32
4/1/98,137.37,136.50,134.68,133.99,106.30,106.17,151.04,150.46,108.14,108.04,105.01,104.66,121.99,121.39,135.92,135.25,126.26,125.56,123.45,122.90
5/1/98,138.44,136.89,135.57,134.72,106.99,106.29,151.58,150.84,109.32,108.71,106.17,105.25,122.44,121.77,137.38,136.03,127.32,126.24,124.37,123.39
6/1/98,139.39,137.61,136.57,135.33,108.74,107.08,152.15,151.23,111.38,109.57,107.22,106.19,123.55,122.37,138.96,137.37,128.25,127.05,125.57,124.17
7/1/98,139.77,137.90,136.28,135.33,108.70,107.00,152.70,151.76,111.66,110.06,107.60,106.62,123.62,122.69,139.27,137.49,129.17,127.81,125.86,124.49
8/1/98,140.11,138.48,136.43,135.47,109.42,107.72,153.36,152.49,112.41,110.91,108.13,107.26,123.88,122.86,139.83,138.14,129.51,128.19,126.31,125.00
9/1/98,140.62,139.28,137.54,136.73,109.45,108.41,153.62,152.89,113.17,111.88,108.43,107.92,124.67,123.77,140.42,139.12,129.71,128.85,126.79,125.81
10/1/98,141.17,140.04,137.34,136.94,109.36,108.52,154.27,153.88,112.81,111.81,109.00,108.80,124.76,124.09,140.86,139.96,130.07,129.40,127.05,126.34
11/1/98,141.49,140.89,138.47,137.89,109.49,109.06,154.27,154.30,114.33,114.00,109.61,109.58,125.16,124.75,142.47,141.71,130.42,129.83,127.61,127.18
12/1/98,141.39,141.27,138.40,138.15,110.11,109.96,154.58,155.11,114.43,114.41,109.43,109.65,125.55,125.29,142.39,142.48,131.22,131.01,127.83,127.75
1/1/99,141.39,141.79,138.93,138.59,110.50,110.56,154.65,155.46,114.49,114.82,110.82,111.27,126.27,126.03,142.68,143.19,131.14,131.36,128.29,128.48
2/1/99,142.57,142.57,139.53,139.37,110.03,110.79,155.62,156.38,115.06,116.04,111.08,111.54,126.86,126.62,142.88,143.28,131.72,131.68,128.78,128.99
3/1/99,143.54,143.00,140.40,140.00,110.68,110.79,158.00,157.86,116.06,116.55,112.74,112.51,127.52,127.04,144.44,143.97,132.37,132.08,129.84,129.55
4/1/99,144.35,143.47,140.73,140.06,111.72,111.65,158.14,157.55,117.88,117.77,113.73,113.32,128.32,127.65,145.62,144.89,133.85,133.00,130.81,130.21
5/1/99,146.10,144.44,141.52,140.66,113.20,112.55,159.48,158.68,119.46,118.78,114.95,113.93,129.33,128.52,147.00,145.49,134.61,133.47,132.07,131.00
6/1/99,146.74,144.84,142.07,140.78,115.35,113.54,160.31,159.24,121.59,119.60,115.98,114.84,129.98,128.71,148.20,146.38,135.33,134.06,133.11,131.59
7/1/99,147.57,145.56,142.33,141.33,116.18,114.37,161.00,160.07,122.79,120.86,116.36,115.37,130.56,129.50,148.69,146.72,136.36,134.90,133.80,132.32
8/1/99,148.26,146.51,142.65,141.69,116.69,114.91,161.93,160.98,123.68,121.96,117.14,116.25,131.21,130.18,150.09,148.24,136.93,135.53,134.52,133.14
9/1/99,148.22,146.77,143.23,142.34,116.37,115.14,162.95,162.25,124.57,123.05,117.62,117.05,131.25,130.27,149.25,147.85,136.61,135.70,134.59,133.51
10/1/99,148.64,147.45,142.72,142.19,117.21,116.29,162.59,162.21,124.71,123.50,118.36,118.12,132.24,131.47,149.42,148.43,137.29,136.54,135.12,134.32
11/1/99,148.38,147.77,143.62,143.06,117.24,116.68,163.20,163.14,124.74,124.35,118.84,118.85,132.19,131.80,150.01,149.21,137.63,137.07,135.33,134.88
12/1/99,148.61,148.56,143.86,143.64,117.26,117.09,163.16,163.69,126.05,126.03,119.32,119.56,132.44,132.17,149.92,150.04,137.92,137.72,135.60,135.53
1/1/00,149.78,150.17,144.57,144.11,119.06,119.04,163.98,164.82,127.07,127.60,121.91,122.42,133.57,133.34,150.71,151.20,138.79,139.09,136.96,137.15
2/1/00,149.30,149.34,144.51,144.37,117.71,118.49,164.53,165.27,126.44,127.60,120.91,121.37,133.97,133.69,151.72,152.24,138.93,138.93,136.71,136.94
3/1/00,151.31,150.76,144.79,144.43,119.34,119.57,166.25,166.08,128.81,129.39,123.25,123.02,134.74,134.32,153.17,152.70,140.41,140.07,138.28,138.00
4/1/00,152.39,151.48,146.18,145.58,120.57,120.59,167.29,166.73,130.99,130.84,124.31,123.88,136.14,135.39,154.83,154.05,141.76,140.74,139.59,138.96
5/1/00,153.58,151.84,146.33,145.48,121.66,121.03,168.11,167.27,133.26,132.50,126.10,125.00,136.95,136.01,156.02,154.39,142.46,141.26,140.70,139.56
6/1/00,154.93,152.90,147.22,145.87,123.90,121.94,169.78,168.57,136.47,134.32,127.26,126.01,138.25,136.90,157.07,155.04,143.20,141.87,142.13,140.49
7/1/00,155.76,153.60,147.64,146.56,124.54,122.64,170.05,169.08,137.34,135.04,128.10,127.05,138.88,137.63,157.96,155.80,144.03,142.50,142.85,141.24
8/1/00,155.89,153.99,147.15,146.11,125.10,123.23,170.65,169.60,137.90,135.97,129.24,128.24,139.08,137.98,158.54,156.56,144.50,143.02,143.28,141.79
9/1/00,156.03,154.45,147.19,146.21,126.23,124.76,170.67,169.93,139.36,137.57,130.23,129.53,139.97,138.87,158.85,157.31,144.63,143.63,143.89,142.67
10/1/00,156.15,154.86,147.39,146.67,126.18,125.18,171.60,171.22,140.83,139.42,131.31,130.99,140.26,139.38,159.42,158.34,144.98,144.14,144.35,143.44
11/1/00,156.02,155.40,147.83,147.29,127.19,126.47,172.38,172.29,140.52,140.05,132.47,132.50,140.59,140.18,159.21,158.37,145.59,145.07,144.81,144.33
12/1/00,156.37,156.38,146.89,146.69,127.65,127.48,172.45,172.97,141.77,141.80,133.44,133.70,141.78,141.51,159.19,159.30,145.14,144.92,145.25,145.19
1/1/01,156.49,156.90,148.23,147.69,128.07,127.97,173.79,174.68,142.53,143.24,134.29,134.90,142.47,142.29,160.12,160.62,145.24,145.66,145.88,146.09
2/1/01,157.55,157.66,148.42,148.33,128.53,129.28,175.01,175.84,143.76,145.12,135.96,136.45,142.93,142.63,160.61,161.26,146.97,147.05,146.83,147.10
3/1/01,158.70,158.17,148.75,148.46,129.72,130.04,176.17,176.06,145.75,146.35,137.83,137.64,144.65,144.30,162.42,161.95,147.32,146.90,148.15,147.89
4/1/01,159.89,158.91,149.35,148.81,130.70,130.79,177.10,176.56,147.77,147.51,139.09,138.70,145.78,145.00,164.47,163.68,149.00,147.85,149.42,148.76
5/1/01,161.28,159.45,150.56,149.73,132.40,131.76,178.72,177.92,150.55,149.64,140.63,139.47,146.48,145.42,165.78,164.04,149.06,147.79,150.65,149.43
6/1/01,162.10,159.93,150.99,149.53,135.13,133.05,179.78,178.45,152.98,150.55,141.56,140.18,147.70,146.28,166.86,164.64,149.94,148.49,151.90,150.13
7/1/01,162.72,160.41,150.97,149.78,136.03,133.99,179.79,178.69,154.85,152.08,142.27,141.03,149.01,147.58,168.10,165.74,150.78,149.24,152.75,150.98
8/1/01,162.97,160.90,151.39,150.20,137.53,135.52,180.49,179.33,156.45,154.26,143.22,142.04,149.58,148.36,168.05,165.94,150.40,148.83,153.33,151.70
9/1/01,163.36,161.65,151.72,150.67,138.15,136.43,180.10,179.29,157.08,154.91,144.27,143.39,149.99,148.74,168.77,167.10,151.06,150.01,153.87,152.50
10/1/01,164.08,162.69,152.80,151.87,138.36,137.25,180.54,180.11,157.63,155.96,144.63,144.20,151.00,150.00,169.28,168.11,151.24,150.31,154.45,153.43
11/1/01,163.52,162.88,152.15,151.65,139.54,138.65,181.59,181.49,157.51,156.99,144.84,144.85,150.79,150.32,168.82,167.96,150.78,150.30,154.42,153.89
12/1/01,163.44,163.46,152.11,151.91,139.33,139.15,181.36,181.87,159.06,159.20,146.28,146.56,151.88,151.60,169.48,169.58,151.19,150.94,154.96,154.89
1/1/02,163.82,164.33,153.11,152.59,140.65,140.52,181.89,182.86,159.75,160.66,147.19,147.99,152.56,152.47,169.43,170.03,150.34,150.85,155.48,155.78
2/1/02,164.35,164.59,152.05,151.97,141.03,141.72,183.06,184.01,161.08,162.67,148.67,149.23,154.23,153.98,169.59,170.34,151.73,151.89,156.39,156.71
3/1/02,165.83,165.37,153.83,153.62,142.80,143.22,184.36,184.35,162.31,162.87,151.07,150.99,154.76,154.42,171.95,171.48,153.16,152.65,157.92,157.69
4/1/02,166.73,165.68,153.73,153.20,144.40,144.54,185.54,184.98,166.29,165.86,152.80,152.45,156.25,155.45,173.00,172.18,153.96,152.77,159.23,158.53
5/1/02,168.23,166.27,154.52,153.69,146.96,146.25,186.41,185.59,168.49,167.30,155.89,154.65,157.71,156.52,174.70,172.84,154.69,153.34,160.94,159.62
6/1/02,169.46,167.13,155.56,153.98,149.28,147.07,187.51,186.05,172.47,169.78,158.21,156.70,158.96,157.42,176.32,173.96,155.23,153.64,162.52,160.61
7/1/02,170.00,167.53,155.56,154.23,150.99,148.76,188.31,187.01,175.78,172.59,160.33,158.79,159.97,158.37,176.99,174.40,155.49,153.94,163.59,161.64
8/1/02,170.36,168.10,156.95,155.55,152.58,150.36,189.94,188.63,176.03,173.60,161.99,160.54,160.54,159.11,177.57,175.33,155.84,154.22,164.48,162.66
9/1/02,170.75,168.91,156.27,155.20,153.48,151.53,189.49,188.52,177.51,174.90,163.01,161.83,162.32,160.93,177.97,176.13,156.14,155.03,165.21,163.66
10/1/02,170.85,169.34,157.59,156.53,154.34,153.07,190.86,190.32,178.81,176.89,164.76,164.24,162.83,161.73,178.10,176.83,156.53,155.53,165.96,164.82
11/1/02,171.28,170.61,157.33,156.87,154.97,153.93,191.03,190.96,179.52,178.98,165.32,165.30,163.39,162.81,178.51,177.62,156.34,155.89,166.33,165.75
12/1/02,170.69,170.74,157.35,157.17,156.50,156.34,191.87,192.43,179.63,179.93,166.68,167.01,164.40,164.14,179.14,179.27,157.11,156.83,167.00,166.95
1/1/03,171.22,171.90,157.94,157.52,157.46,157.30,191.89,193.02,180.55,181.78,168.14,169.29,164.78,164.84,179.37,180.11,156.72,157.32,167.53,167.98
2/1/03,171.82,172.20,158.96,158.98,158.63,159.30,192.67,193.80,180.75,182.55,170.45,171.06,166.47,166.28,179.88,180.65,157.18,157.42,168.64,169.03
3/1/03,172.91,172.55,159.11,158.98,159.19,159.68,194.48,194.59,183.01,183.39,172.26,172.36,167.34,166.95,182.02,181.54,158.07,157.47,169.81,169.60
4/1/03,174.32,173.18,160.06,159.52,161.04,161.19,196.27,195.68,186.57,185.87,174.87,174.54,168.81,167.96,182.46,181.65,158.89,157.73,171.38,170.64
5/1/03,176.12,173.97,160.76,159.88,163.51,162.69,197.28,196.37,187.75,186.22,177.45,176.02,170.59,169.24,184.28,182.29,159.71,158.24,173.08,171.59
6/1/03,176.88,174.34,162.25,160.53,165.65,163.28,198.81,197.15,191.07,188.10,178.93,177.16,172.21,170.47,185.73,183.20,160.12,158.35,174.49,172.38
7/1/03,177.84,175.18,162.55,161.08,167.29,164.86,200.50,198.96,192.07,188.61,181.59,179.65,173.76,172.03,186.97,184.11,160.66,159.08,175.84,173.68
8/1/03,178.43,175.95,163.41,161.87,169.46,167.00,201.20,199.65,193.59,191.02,184.35,182.57,174.30,172.61,187.71,185.30,161.29,159.59,176.98,174.93
9/1/03,178.54,176.56,163.75,162.68,170.95,168.83,202.87,201.75,196.98,194.10,186.56,185.03,175.55,173.99,188.30,186.29,161.68,160.52,178.07,176.36
10/1/03,178.94,177.33,164.00,162.96,171.02,169.57,203.49,202.83,197.42,195.43,189.07,188.51,176.45,175.24,188.17,186.80,161.21,160.15,178.66,177.41
11/1/03,178.87,178.22,163.25,162.76,172.19,171.07,203.93,203.90,198.55,198.00,191.34,191.27,177.67,176.93,189.28,188.38,161.24,160.81,179.42,178.79
12/1/03,179.01,179.14,164.10,163.93,173.62,173.49,205.49,206.15,199.55,200.09,193.84,194.33,178.37,178.11,188.32,188.49,161.94,161.67,180.29,180.30
1/1/04,177.95,178.85,164.64,164.44,174.39,174.23,207.14,208.56,199.55,201.05,195.77,197.40,179.89,180.16,189.15,190.10,161.03,161.61,180.82,181.46
2/1/04,179.81,180.38,165.74,165.80,176.26,176.89,207.83,209.22,200.36,202.34,198.47,199.14,181.19,181.11,189.97,190.69,162.29,162.61,182.35,182.82
3/1/04,180.91,180.68,165.64,165.55,176.67,177.16,210.84,211.03,203.40,203.50,202.93,203.22,183.64,183.13,191.86,191.38,164.30,163.66,184.35,184.15
4/1/04,182.52,181.27,167.07,166.37,179.68,179.82,215.11,214.41,206.96,205.86,206.47,206.05,185.93,184.92,192.39,191.53,165.16,164.06,186.55,185.69
5/1/04,184.33,181.90,168.05,166.99,182.69,181.68,216.76,215.63,209.56,207.44,212.81,211.08,188.77,187.17,195.39,193.24,166.07,164.43,189.19,187.45
6/1/04,185.53,182.69,170.40,168.54,186.15,183.56,221.24,219.20,213.83,210.54,218.08,215.86,190.99,188.96,196.65,193.89,167.20,165.26,191.76,189.36
7/1/04,186.29,183.40,171.08,169.42,187.70,185.06,223.46,221.55,216.12,212.43,222.31,219.72,193.29,191.41,197.72,194.56,166.89,165.22,193.36,190.94
8/1/04,186.81,184.04,171.58,169.90,188.93,186.14,224.84,222.91,216.76,213.92,224.96,222.75,195.48,193.45,198.22,195.61,167.88,166.04,194.65,192.31
9/1/04,186.37,184.26,171.36,170.20,189.81,187.57,228.41,227.08,219.15,216.07,228.13,226.04,197.29,195.53,198.45,196.21,168.13,166.90,195.75,193.83
10/1/04,186.86,185.18,171.78,170.84,192.31,190.64,228.65,227.88,219.64,217.61,229.58,228.96,198.80,197.48,198.61,197.12,168.09,166.95,196.66,195.30
11/1/04,186.58,185.99,171.65,171.08,193.51,192.36,230.82,230.92,218.29,217.72,233.54,233.47,200.01,199.15,199.53,198.69,168.88,168.45,197.69,197.04
12/1/04,186.19,186.47,173.55,173.42,194.45,194.38,232.15,233.09,219.43,220.12,236.86,237.67,201.95,201.74,198.48,198.76,168.84,168.63,198.66,198.78
1/1/05,186.17,187.35,173.27,173.36,195.73,195.56,233.74,235.67,220.23,221.95,237.27,239.49,203.88,204.47,198.02,199.25,169.00,169.61,199.31,200.21
2/1/05,185.91,186.64,174.69,174.82,195.43,196.06,239.24,240.87,222.59,224.72,242.75,243.45,206.07,206.12,199.64,200.29,169.78,170.19,201.06,201.61
3/1/05,188.30,188.18,176.16,176.15,197.78,198.19,242.83,243.09,225.54,225.17,247.70,248.30,209.99,209.28,201.46,201.03,171.56,170.96,203.93,203.72
4/1/05,190.30,188.96,177.45,176.56,200.02,200.09,248.39,247.60,227.97,226.45,252.71,252.17,212.56,211.21,203.87,202.86,172.90,171.88,206.54,205.51
5/1/05,191.80,189.07,178.66,177.31,201.90,200.57,252.77,251.24,231.40,228.78,258.64,256.55,216.15,214.19,205.58,203.26,174.59,172.78,209.25,207.17
6/1/05,192.66,189.45,180.23,178.16,206.01,203.15,257.03,254.38,231.83,228.20,262.72,259.88,220.18,217.67,206.95,203.89,176.05,173.87,211.80,208.99
7/1/05,193.12,189.95,181.58,179.69,209.74,206.87,260.03,257.62,233.92,230.18,267.38,263.98,222.36,220.19,207.96,204.52,177.01,175.15,213.82,211.06
8/1/05,193.25,190.18,182.34,180.57,210.76,207.59,264.38,261.96,233.68,230.70,270.95,268.26,225.40,222.95,208.12,205.26,177.27,175.20,215.27,212.58
9/1/05,193.87,191.67,182.74,181.46,212.06,209.73,267.31,265.76,235.51,232.54,274.87,272.20,226.86,224.85,208.36,205.94,178.01,176.69,216.64,214.53
10/1/05,193.69,191.99,183.86,183.02,212.16,210.30,269.68,268.88,234.18,232.23,274.06,273.32,228.12,226.58,208.56,206.83,179.67,178.43,217.19,215.71
11/1/05,192.66,192.19,185.55,184.83,213.10,211.99,271.05,271.39,233.85,233.35,274.60,274.63,230.30,229.40,208.34,207.58,179.76,179.30,217.76,217.13
12/1/05,191.63,192.14,186.40,186.31,212.94,212.87,272.75,274.16,230.39,231.19,277.20,278.45,231.44,231.33,208.35,208.75,180.64,180.57,218.17,218.45
1/1/06,191.26,192.72,187.64,188.07,214.43,214.33,273.88,276.46,230.80,232.60,276.43,279.21,232.66,233.55,208.34,209.93,181.17,181.84,218.66,219.84
2/1/06,191.77,192.67,187.89,188.07,213.15,213.81,277.21,278.90,231.10,233.25,280.49,281.16,233.16,233.32,209.10,209.75,182.40,182.91,219.63,220.25
3/1/06,192.57,192.55,189.55,189.65,215.36,215.61,280.42,280.83,233.49,232.72,280.16,281.00,235.97,235.05,210.52,210.24,183.96,183.45,221.28,221.06
4/1/06,194.83,193.53,191.34,190.27,216.19,216.15,281.90,280.93,233.67,231.81,281.82,281.17,237.52,235.76,211.75,210.50,184.57,183.54,222.71,221.51
5/1/06,196.14,193.08,193.15,191.45,217.89,216.18,285.66,283.51,234.75,231.89,283.76,281.59,238.47,236.16,213.32,210.77,187.35,185.39,224.48,222.08
6/1/06,196.15,192.59,194.23,191.79,219.67,216.68,286.99,283.63,234.96,231.29,284.02,280.86,239.39,236.42,214.55,211.11,188.27,185.75,225.28,222.09
7/1/06,196.15,192.76,194.62,192.51,217.97,215.00,286.82,283.84,233.86,230.40,282.94,279.14,239.09,236.59,215.33,211.66,188.58,186.37,225.01,221.95
8/1/06,195.69,192.41,195.14,193.28,220.04,216.63,287.88,285.03,232.62,229.78,281.94,279.11,240.50,237.84,215.09,212.01,190.03,187.62,225.53,222.60
9/1/06,194.66,192.40,195.24,193.75,218.37,216.15,286.68,285.05,230.83,228.28,280.73,277.93,240.22,237.99,214.19,211.66,190.01,188.59,224.74,222.52
10/1/06,193.66,192.01,195.14,194.24,218.51,216.56,289.11,288.35,229.78,228.00,276.64,275.71,240.79,239.21,213.67,211.64,190.67,189.29,224.33,222.77
11/1/06,191.68,191.28,196.06,195.18,217.73,216.70,289.23,289.74,228.95,228.49,276.73,276.88,241.14,240.31,213.49,212.81,191.25,190.77,224.04,223.45
12/1/06,191.42,192.16,196.73,196.80,215.87,215.75,288.64,290.47,226.83,227.43,274.56,276.04,240.46,240.49,210.85,211.34,191.09,191.25,223.09,223.53
1/1/07,191.54,193.22,195.79,196.47,216.68,216.67,287.90,290.78,226.47,228.15,274.58,277.54,238.93,240.02,211.33,213.28,192.08,192.90,222.97,224.34
2/1/07,191.11,192.19,197.69,198.06,216.37,217.03,288.12,289.50,225.13,227.12,273.90,274.45,241.33,241.69,213.88,214.67,192.85,193.49,223.64,224.34
3/1/07,192.15,192.30,198.85,199.20,218.16,218.23,291.53,292.33,229.45,228.50,277.94,278.94,242.05,241.11,214.72,214.76,194.40,194.04,225.40,225.30
4/1/07,192.83,191.65,201.19,200.12,220.84,220.79,293.10,292.15,229.98,228.04,277.68,277.13,243.49,241.43,215.55,214.08,195.41,194.31,226.57,225.32
5/1/07,194.05,190.72,201.47,199.44,220.63,218.60,292.64,289.95,231.30,228.46,275.40,273.39,243.05,240.52,216.66,213.84,197.10,195.02,226.84,224.23
6/1/07,194.19,190.39,202.48,199.73,221.63,218.63,294.26,290.61,229.78,226.06,273.07,269.84,242.31,239.08,217.10,213.29,197.69,194.82,226.80,223.38
7/1/07,192.46,188.93,201.70,199.40,221.02,217.95,292.71,289.43,228.72,225.48,271.06,267.26,239.39,236.67,217.31,213.56,198.23,195.66,225.51,222.30
8/1/07,191.83,188.40,200.90,198.90,220.50,217.05,290.72,287.63,228.75,226.00,263.91,261.13,239.32,236.67,215.64,212.32,198.95,196.25,224.28,221.25
9/1/07,189.38,187.09,201.41,199.73,218.63,216.68,286.92,285.36,225.91,223.70,261.10,258.45,237.80,235.56,216.12,213.61,197.87,196.42,222.57,220.39
10/1/07,187.62,185.98,199.80,198.79,218.91,216.84,282.37,281.58,224.96,223.16,254.68,253.57,235.20,233.74,211.59,209.36,197.66,196.23,220.18,218.59
11/1/07,185.53,185.03,199.90,198.85,216.86,215.89,279.70,280.27,222.50,221.84,247.99,248.12,231.77,230.98,211.49,210.86,196.45,195.96,217.69,217.10
12/1/07,182.88,183.77,198.98,199.26,216.17,216.06,274.33,276.22,221.59,221.97,242.20,243.65,229.34,229.46,210.14,210.64,196.53,197.02,215.41,215.97
1/1/08,180.74,182.48,195.52,196.40,215.00,215.22,271.15,273.79,218.94,220.33,236.83,239.53,226.56,227.77,207.21,209.50,195.08,196.07,212.69,214.15
2/1/08,180.95,182.21,197.29,197.91,214.03,214.74,273.35,274.54,219.81,221.78,232.49,233.06,223.88,224.50,207.21,208.22,195.55,196.34,211.96,212.80
3/1/08,180.83,181.30,197.13,197.91,213.99,214.11,270.45,271.72,219.00,218.28,224.81,225.60,223.99,223.33,208.17,208.64,195.56,195.35,210.85,210.98
4/1/08,180.52,179.56,198.17,197.31,212.15,212.10,266.79,266.01,218.44,216.59,221.49,221.05,221.85,219.92,209.00,207.47,196.44,195.19,209.80,208.64
5/1/08,181.18,177.84,199.13,196.98,214.31,212.18,266.29,263.51,216.66,213.94,217.42,215.83,217.81,215.34,208.30,205.44,197.19,195.03,208.87,206.30
6/1/08,181.21,177.40,198.61,195.73,213.07,210.14,263.35,259.91,217.31,213.63,215.28,212.60,216.64,213.47,209.48,205.42,198.99,195.86,208.39,205.02
7/1/08,179.82,176.27,197.09,194.63,212.55,209.39,259.34,256.07,215.35,212.33,211.14,207.96,213.68,210.99,208.12,204.36,198.29,195.44,206.32,203.14
8/1/08,178.65,175.26,195.85,193.73,211.62,208.28,255.31,252.48,213.28,210.71,206.24,203.97,210.02,207.57,207.55,204.18,196.59,193.82,203.96,201.07
9/1/08,174.69,172.43,194.58,192.82,210.76,208.95,251.21,249.73,211.27,209.35,202.24,200.08,206.35,204.24,204.90,202.47,197.36,195.94,201.33,199.27
10/1/08,173.83,172.28,193.22,192.11,207.68,205.53,244.33,243.51,211.75,209.80,198.61,197.47,204.31,203.05,204.60,202.27,195.14,193.76,199.17,197.63
11/1/08,170.09,169.35,191.95,190.94,206.24,205.29,238.10,238.50,207.66,206.67,192.99,192.92,198.08,197.33,198.80,198.10,191.49,190.96,194.78,194.12
12/1/08,168.38,169.32,189.76,190.28,203.16,203.04,237.49,239.19,206.43,206.39,190.62,191.85,194.62,194.72,199.90,200.35,191.69,192.39,193.01,193.57
1/1/09,170.67,172.58,189.71,190.72,202.98,203.34,237.86,240.16,207.71,208.68,187.25,189.49,198.11,199.20,199.98,202.52,191.50,192.70,193.70,195.16
2/1/09,170.15,171.67,189.76,190.66,203.86,204.66,237.37,238.48,211.04,212.97,188.72,189.42,198.35,199.21,202.47,203.74,193.29,194.21,194.47,195.47
3/1/09,169.28,170.12,189.41,190.47,203.70,204.00,230.03,231.53,208.91,208.58,186.37,187.11,196.18,195.79,199.43,200.31,193.79,193.60,192.80,193.16
4/1/09,169.44,168.70,190.24,189.48,202.76,202.68,231.29,230.71,210.03,208.50,185.38,185.09,195.72,193.93,202.16,200.72,194.00,192.54,192.93,191.89
5/1/09,173.25,169.90,191.34,188.89,203.94,201.78,231.54,228.81,207.70,205.01,185.93,184.49,196.64,194.14,203.27,200.33,195.48,193.22,194.30,191.73
6/1/09,172.42,168.54,194.39,191.26,203.04,199.99,230.14,226.82,209.12,205.22,188.06,185.53,196.92,193.69,204.71,200.38,198.56,195.16,195.09,191.65
7/1/09,171.08,167.40,191.91,189.03,204.07,200.73,229.80,226.43,208.48,205.38,188.41,185.41,196.73,193.89,203.96,199.95,196.16,193.08,194.38,191.07
8/1/09,170.48,167.00,191.84,189.35,204.49,201.23,228.02,225.31,206.33,203.65,189.36,187.21,194.44,191.84,203.17,199.65,196.06,193.33,193.72,190.79
9/1/09,169.84,167.47,188.41,186.49,201.75,199.95,225.01,223.39,206.21,204.29,188.19,186.14,195.52,193.28,201.99,199.55,194.51,193.06,192.65,190.55
10/1/09,168.14,166.57,191.60,190.24,203.33,201.09,225.03,224.06,206.55,204.50,188.97,187.71,192.56,191.26,202.28,199.94,196.52,195.27,192.53,190.93
11/1/09,169.04,168.05,190.34,189.32,201.95,200.91,224.63,224.83,205.39,204.05,189.99,189.83,193.18,192.27,201.34,200.51,194.45,193.86,192.35,191.54
12/1/09,164.79,165.85,187.00,187.58,201.59,201.46,219.59,221.05,204.58,204.34,186.14,187.38,188.44,188.50,198.40,198.78,193.38,194.36,189.09,189.67
1/1/10,163.39,165.52,186.60,187.67,200.69,201.22,220.08,221.99,202.00,202.86,183.68,186.01,189.64,190.69,194.88,197.60,192.60,194.10,188.15,189.70
2/1/10,163.09,164.92,184.70,185.86,201.49,202.54,218.72,219.88,199.82,201.79,186.20,187.35,186.40,187.45,196.51,198.08,192.38,193.45,187.69,188.93
3/1/10,163.69,164.84,184.29,185.47,200.12,200.76,217.74,219.43,202.48,202.61,186.28,187.03,188.34,188.11,196.98,198.12,193.34,193.07,188.24,188.76
4/1/10,165.67,165.01,186.63,185.96,199.30,199.12,220.62,220.02,201.82,200.72,187.46,187.21,190.26,188.53,200.55,199.26,195.75,194.12,189.97,188.94
5/1/10,168.50,165.13,188.83,186.17,201.89,199.70,220.32,217.42,205.04,202.16,189.74,188.11,189.24,186.60,203.06,200.07,198.41,196.05,191.67,188.97
6/1/10,167.44,163.38,186.58,183.26,203.25,199.87,217.42,213.79,205.71,201.54,186.26,183.63,189.83,186.38,202.95,198.25,196.73,193.20,190.70,187.04
7/1/10,166.51,162.53,186.98,183.86,202.52,198.80,216.20,212.49,204.35,200.90,186.59,183.48,187.09,184.07,198.99,194.62,196.36,193.12,189.51,185.94
8/1/10,166.66,163.02,186.03,183.41,200.70,197.37,214.51,211.78,204.98,201.98,184.10,181.93,186.41,183.65,199.81,196.20,196.16,193.65,188.76,185.74
9/1/10,163.60,161.02,184.76,182.69,198.92,197.00,210.68,208.92,202.42,200.35,183.01,181.02,183.15,180.87,197.06,194.54,192.38,190.99,186.10,183.90
10/1/10,164.89,163.29,183.47,181.99,200.91,198.64,210.97,209.95,203.13,201.02,180.29,179.05,182.38,181.11,196.19,193.95,191.48,190.50,185.79,184.21
11/1/10,163.49,162.32,183.68,182.85,198.72,197.56,205.84,205.98,201.62,200.01,179.42,179.21,182.00,181.09,194.26,193.25,191.14,190.61,184.53,183.65
12/1/10,159.16,160.26,178.47,179.06,195.90,195.85,203.86,205.36,199.09,198.67,176.66,177.89,180.16,180.21,192.81,193.11,188.80,189.89,181.69,182.28
1/1/11,157.51,159.87,179.37,180.46,194.22,194.86,203.84,205.59,199.71,200.54,172.83,175.23,176.44,177.45,187.99,190.72,188.37,189.93,179.60,181.19
2/1/11,156.36,158.50,177.99,179.34,193.23,194.62,198.42,199.68,194.27,196.37,172.75,174.16,174.61,175.87,187.48,189.24,188.06,189.20,178.15,179.60
3/1/11,153.96,155.26,176.22,177.20,192.06,193.01,197.35,199.04,192.90,193.36,171.79,172.43,174.04,173.90,187.17,188.32,188.45,187.95,177.10,177.65
4/1/11,156.13,155.45,178.79,177.93,195.10,194.88,197.79,197.23,197.65,197.10,171.96,171.63,175.50,173.90,189.29,188.16,191.54,189.75,179.05,178.04
5/1/11,159.50,156.27,180.72,177.75,194.16,191.92,199.78,196.99,198.42,195.26,172.08,170.29,176.82,174.16,191.40,188.48,191.75,189.29,180.37,177.63
6/1/11,161.36,157.23,181.39,177.82,196.40,192.65,200.62,196.88,200.20,195.74,172.32,169.67,177.95,174.41,194.28,189.44,195.04,191.41,181.97,178.18
7/1/11,162.81,158.58,183.69,180.28,196.87,192.98,201.40,197.76,198.30,194.43,173.42,170.39,177.18,173.99,195.44,190.69,192.96,189.58,182.28,178.55
8/1/11,160.52,156.79,182.66,179.88,195.78,192.39,200.27,197.63,197.40,194.02,171.55,169.38,177.89,175.04,193.41,189.72,191.40,189.10,181.10,178.04
9/1/11,160.08,157.39,180.34,178.14,194.32,192.33,201.89,200.10,197.62,195.48,172.10,170.26,179.57,177.34,193.70,191.08,191.76,190.27,181.32,179.08
10/1/11,157.77,156.22,178.76,177.31,192.65,190.56,199.27,198.26,196.69,194.83,170.74,169.65,177.08,175.83,193.30,191.21,191.17,190.43,179.60,178.12
11/1/11,159.77,158.56,179.29,178.61,190.51,189.32,199.27,199.37,196.53,194.89,170.19,170.00,176.41,175.54,193.70,192.55,192.86,192.33,179.81,178.92
12/1/11,156.56,157.74,181.74,182.34,189.99,190.08,200.66,202.14,195.94,195.73,168.58,169.78,177.38,177.43,188.75,189.02,191.98,193.05,178.89,179.50
1/1/12,154.34,156.91,176.55,177.67,190.33,191.14,198.59,200.18,192.48,193.45,168.03,170.41,174.84,176.00,190.71,193.45,188.90,190.46,177.07,178.74
2/1/12,154.61,156.97,178.18,179.67,187.76,189.48,200.85,202.25,191.94,194.24,168.89,170.52,175.37,176.77,189.82,191.85,191.44,192.65,177.58,179.21
3/1/12,156.60,157.96,181.40,182.03,190.40,191.65,204.70,206.35,193.29,194.03,172.01,172.48,177.59,177.48,191.77,192.87,195.08,194.32,180.22,180.73
4/1/12,159.59,158.71,182.57,181.47,191.34,191.08,209.15,208.47,193.29,193.16,174.64,174.04,181.52,179.98,193.43,192.38,197.12,195.22,182.79,181.68
5/1/12,163.27,159.98,185.85,182.65,193.76,191.39,214.39,211.34,197.53,194.04,178.14,176.00,183.02,180.14,197.52,194.56,198.18,195.52,185.72,182.78
6/1/12,164.74,160.25,186.78,182.97,195.76,191.62,219.67,215.29,198.97,194.21,180.42,177.53,184.34,180.51,199.84,194.72,199.92,196.20,187.64,183.53
7/1/12,164.77,160.18,186.11,182.61,195.20,191.12,221.19,217.11,198.42,194.07,180.22,176.94,184.70,181.21,201.68,196.47,201.20,197.62,187.95,183.90
8/1/12,165.02,161.05,184.96,182.24,194.99,191.43,220.62,217.68,199.36,195.54,183.85,181.51,185.50,182.61,199.95,196.16,200.12,197.91,188.33,185.12
9/1/12,164.31,161.43,184.36,182.12,195.33,193.22,221.69,219.72,197.76,195.54,182.97,181.14,185.93,183.77,198.68,195.95,200.94,199.34,188.15,185.83
10/1/12,163.65,162.17,185.05,183.74,192.61,190.72,221.95,221.00,196.79,195.18,185.67,184.72,185.93,184.66,199.67,197.78,200.73,200.21,188.21,186.83
11/1/12,162.27,161.12,184.30,183.73,193.77,192.61,223.86,224.15,198.54,197.05,186.93,186.84,185.31,184.66,199.77,198.63,201.58,201.19,188.37,187.57
12/1/12,160.48,161.75,184.66,185.21,193.12,193.38,223.26,225.08,198.01,198.00,188.11,189.55,185.44,185.62,198.44,198.85,200.23,201.20,187.86,188.57
1/1/13,160.48,163.41,183.33,184.53,191.80,192.69,225.64,227.49,196.34,197.47,190.10,192.77,185.69,187.03,197.44,200.18,201.36,202.90,188.09,189.93
2/1/13,161.39,163.98,184.95,186.46,192.57,194.62,227.41,228.94,196.07,198.44,191.65,193.60,187.53,188.95,197.85,200.08,202.85,204.19,189.35,191.15
3/1/13,164.24,165.46,187.45,187.45,193.41,194.78,232.01,233.42,200.14,200.82,197.36,197.70,191.16,190.82,201.11,202.01,205.95,204.85,192.75,193.07
4/1/13,167.58,166.44,189.73,188.09,195.81,195.54,237.10,236.18,199.65,199.58,201.75,200.75,192.72,191.00,202.67,201.46,207.99,206.00,195.38,194.05
5/1/13,170.54,167.17,192.19,188.65,198.66,195.97,240.81,237.39,205.01,201.05,206.60,203.92,197.07,193.85,205.66,202.50,210.62,207.71,198.95,195.69
6/1/13,172.82,167.91,194.04,190.01,201.02,196.44,244.33,239.28,206.62,201.33,210.04,206.61,198.78,194.48,210.06,204.65,212.19,208.30,201.39,196.83
7/1/13,174.10,169.12,191.86,188.19,201.96,197.64,245.88,241.50,207.71,202.74,213.62,209.72,200.29,196.27,210.59,204.95,211.56,207.76,202.47,198.00
8/1/13,173.67,169.44,191.35,188.53,200.75,196.94,246.25,243.06,207.66,203.33,213.85,211.21,199.98,196.98,209.76,205.81,210.87,208.58,202.07,198.63
9/1/13,172.96,169.96,194.82,192.47,199.26,196.99,246.76,244.70,204.59,202.18,215.18,213.33,199.30,197.08,209.49,206.67,211.67,209.96,202.04,199.61
10/1/13,171.66,170.22,191.88,190.74,199.51,197.82,249.05,248.17,203.99,202.70,215.20,214.42,199.14,197.70,207.64,205.83,210.66,210.30,201.43,200.10
11/1/13,171.22,170.25,190.01,189.40,199.37,198.25,245.80,246.32,203.61,202.32,214.86,214.99,198.62,198.13,207.80,206.77,211.17,210.93,200.90,200.23
12/1/13,170.27,171.70,190.25,190.65,196.62,196.94,245.53,247.54,202.20,202.51,214.38,216.04,199.62,199.82,206.40,206.95,213.26,214.09,200.64,201.41
1/1/14,169.13,172.34,189.30,190.41,196.86,197.84,247.98,249.89,202.71,204.09,214.70,217.56,198.64,200.08,205.96,208.57,212.66,214.16,200.29,202.21
2/1/14,169.54,172.20,190.88,192.33,195.16,197.33,251.32,252.72,200.23,202.56,217.33,219.41,200.03,201.22,206.69,209.05,214.17,215.54,201.26,203.04
3/1/14,172.00,172.90,192.43,191.87,196.50,197.81,250.79,251.67,205.89,206.35,220.67,220.73,202.67,201.99,209.59,210.14,217.39,216.04,203.78,203.77
4/1/14,175.33,173.92,194.66,192.80,199.10,198.79,253.97,252.59,204.61,204.27,223.27,221.81,204.19,202.14,212.68,211.17,218.01,216.04,205.96,204.36
5/1/14,176.91,173.41,196.47,192.96,202.46,199.55,257.03,253.32,210.94,206.78,225.44,222.36,206.62,203.12,213.87,210.47,219.76,216.64,208.30,204.79
6/1/14,179.33,174.11,198.04,193.94,204.83,200.11,260.53,255.23,212.58,206.97,227.89,224.20,209.16,204.54,217.05,211.49,221.49,217.52,210.69,205.88
7/1/14,180.42,175.29,198.13,194.47,204.20,199.79,258.99,254.61,213.20,207.81,229.55,225.44,209.71,205.34,217.57,211.74,223.72,219.80,211.41,206.72
8/1/14,180.30,176.01,197.88,195.14,204.66,200.70,261.02,257.74,212.81,208.25,230.00,227.27,207.47,204.52,216.49,212.45,223.14,220.71,210.99,207.46
9/1/14,179.31,176.31,197.46,195.22,201.79,199.47,260.29,258.33,210.65,208.06,228.93,227.21,207.59,205.36,215.73,212.90,223.24,221.45,210.16,207.70
10/1/14,178.78,177.42,196.83,195.91,202.07,200.54,260.69,259.97,208.94,207.82,229.78,229.24,208.30,206.73,215.77,214.07,222.85,222.54,210.19,208.92
11/1/14,177.68,176.95,198.19,197.64,202.06,201.01,260.92,261.45,209.33,208.30,229.94,230.23,209.02,208.62,216.14,215.21,223.66,223.57,210.40,209.83
12/1/14,177.50,178.96,196.15,196.45,202.09,202.47,262.61,264.69,207.49,208.06,230.56,232.37,209.74,209.95,214.84,215.65,224.79,225.55,210.49,211.29
1/1/15,174.56,177.84,198.44,199.43,200.41,201.35,264.50,266.34,206.82,208.21,231.44,234.30,207.29,208.66,213.06,215.49,225.43,226.87,209.55,211.41
2/1/15,177.39,179.98,197.10,198.35,199.64,201.76,267.36,268.34,209.37,211.54,233.22,235.04,211.69,212.62,213.08,215.43,226.85,228.24,211.49,213.11
3/1/15,179.46,179.98,201.51,200.45,202.54,203.61,268.32,268.50,211.00,211.22,236.85,236.54,214.42,213.47,216.45,216.60,228.98,227.42,214.19,213.81
4/1/15,182.06,180.37,204.17,202.15,203.11,202.76,271.71,269.82,212.18,211.41,240.16,238.27,215.67,213.27,220.29,218.39,230.88,228.92,216.40,214.51
5/1/15,185.39,181.74,204.02,200.56,206.78,203.69,276.02,272.00,216.77,212.54,242.90,239.50,219.11,215.35,223.04,219.31,234.65,231.23,219.61,215.86
6/1/15,188.17,182.75,205.35,201.35,208.79,204.05,278.06,272.62,220.52,214.70,244.47,240.64,220.98,216.26,225.08,219.48,235.75,231.68,221.62,216.68
7/1/15,187.54,182.41,205.46,201.72,209.88,205.46,282.25,277.89,219.48,213.93,246.81,242.73,222.00,217.45,226.07,220.19,236.72,232.78,222.52,217.76
8/1/15,185.95,181.67,206.13,203.32,209.62,205.64,280.71,277.38,218.86,214.23,246.06,243.34,220.98,217.97,226.17,222.02,236.92,234.25,221.84,218.23
9/1/15,186.68,183.78,205.60,203.50,208.38,206.03,281.36,279.52,217.05,214.37,246.54,244.91,221.83,219.62,224.66,221.91,236.88,235.03,221.88,219.44
10/1/15,185.81,184.42,205.72,205.00,207.91,206.46,280.04,279.36,216.14,215.09,247.40,247.11,222.53,220.92,224.46,222.76,236.95,236.70,221.78,220.54
11/1/15,185.81,185.25,206.77,206.11,207.08,206.03,284.35,284.74,216.15,215.27,249.77,250.15,222.64,222.22,224.40,223.49,235.99,235.97,222.23,221.69
12/1/15,184.61,186.11,206.83,207.13,206.65,206.97,281.39,283.27,216.38,217.16,249.44,251.32,222.29,222.46,225.22,226.22,236.50,237.25,221.80,222.59
1/1/16,183.55,186.85,207.46,208.28,205.00,205.84,282.91,284.67,217.42,218.80,248.69,251.45,223.36,224.78,225.31,227.64,236.72,238.08,221.74,223.54
2/1/16,183.82,186.15,206.25,207.17,206.96,208.98,286.26,286.98,214.03,215.84,252.72,254.23,222.83,223.40,226.49,228.86,237.12,238.37,222.51,223.88
3/1/16,187.85,188.07,209.88,208.48,207.97,208.74,291.03,290.62,218.04,218.02,256.85,256.10,227.47,226.30,227.93,227.62,243.24,241.54,226.42,225.73
4/1/16,190.33,188.39,212.22,210.21,209.54,209.08,293.66,291.32,221.66,220.31,259.89,257.58,230.26,227.46,231.38,229.16,243.81,241.84,228.85,226.68
5/1/16,193.28,189.52,214.11,210.73,213.62,210.50,297.96,293.72,224.09,219.90,261.91,258.23,232.49,228.46,233.47,229.44,247.05,243.32,231.63,227.69
6/1/16,196.22,190.74,214.99,211.09,216.38,211.79,300.45,295.18,226.40,220.61,263.30,259.44,235.26,230.56,235.75,230.08,248.46,244.23,233.91,228.95
7/1/16,196.46,191.36,216.73,212.73,216.59,212.28,300.70,296.40,226.80,221.28,265.15,261.12,236.30,231.71,238.29,232.37,249.87,245.98,234.94,230.17
8/1/16,197.21,192.94,217.04,214.11,216.40,212.51,301.45,298.18,227.01,222.34,264.92,262.29,235.99,232.79,236.60,232.38,249.33,246.49,234.86,231.18
9/1/16,196.38,193.52,216.71,214.69,215.94,213.55,301.96,300.07,227.59,224.80,267.03,265.32,236.28,233.95,237.25,234.51,249.21,247.27,235.03,232.54
10/1/16,196.02,194.52,215.45,214.79,215.74,214.33,304.16,303.48,226.23,225.02,266.57,266.42,237.62,235.91,236.59,234.81,248.70,248.38,235.01,233.72
11/1/16,195.82,195.31,217.28,216.53,216.20,215.09,304.29,304.38,227.61,226.71,268.20,268.58,237.13,236.57,237.43,236.55,249.55,249.41,235.50,234.88
12/1/16,195.13,196.68,218.90,219.09,215.18,215.40,305.30,306.86,226.35,227.09,268.47,270.46,238.15,238.25,235.45,236.62,250.16,250.88,235.52,236.28
1/1/17,193.31,196.56,215.00,215.53,214.98,215.63,304.76,306.58,226.73,227.84,268.73,271.30,236.62,237.87,234.54,236.85,250.69,251.94,234.56,236.21
2/1/17,195.68,197.73,218.43,218.99,215.19,217.02,309.77,310.31,225.59,227.05,271.63,272.71,238.45,238.61,235.72,237.94,252.27,253.41,236.55,237.62
3/1/17,199.70,199.64,222.88,221.29,216.33,216.69,314.05,313.06,231.15,230.86,276.89,275.73,242.12,240.72,240.71,239.94,254.93,253.01,240.39,239.37
4/1/17,201.99,199.83,222.92,220.94,219.87,219.22,317.76,314.97,233.91,232.01,280.70,277.98,246.71,243.50,243.45,241.05,258.80,256.76,243.64,241.19
5/1/17,204.70,200.81,225.42,222.03,222.57,219.39,322.19,317.84,235.59,231.52,284.37,280.43,247.94,243.71,247.51,243.23,262.45,258.53,246.45,242.35
6/1/17,206.37,200.87,227.85,224.09,225.04,220.71,323.94,318.80,239.13,233.48,286.03,282.27,249.64,245.14,249.29,243.56,262.50,258.12,248.20,243.29
7/1/17,207.46,202.40,229.54,225.26,226.48,222.41,325.59,321.21,239.97,234.55,286.67,282.87,250.73,246.27,249.93,244.02,263.61,259.76,249.31,244.59
8/1/17,207.83,203.56,228.73,225.64,227.21,223.43,326.97,323.82,240.08,235.34,288.96,286.34,252.04,248.59,250.01,245.70,263.99,260.92,250.08,246.30
9/1/17,207.08,204.13,227.41,225.45,226.93,224.37,327.67,325.47,239.26,236.35,290.14,288.32,251.38,248.85,248.72,245.95,264.69,262.65,249.80,247.17
10/1/17,206.91,205.15,229.80,228.97,226.61,225.18,328.70,327.84,239.13,237.72,289.06,288.88,251.83,250.05,248.45,246.36,263.88,263.40,249.81,248.36
11/1/17,206.85,206.34,228.48,227.61,225.39,224.05,332.94,332.68,239.08,238.05,291.48,291.81,252.64,251.86,250.21,249.27,265.85,265.50,250.63,249.86
12/1/17,206.58,208.24,229.02,229.11,226.13,226.05,332.00,333.17,238.30,238.90,290.85,293.00,252.91,252.91,247.40,248.64,265.36,266.06,250.31,251.01
1/1/18,207.16,210.38,230.48,230.79,226.84,227.20,335.24,337.19,238.66,239.57,293.00,295.43,254.07,255.17,249.97,252.42,264.25,265.43,251.38,252.91
2/1/18,209.11,210.89,231.76,231.96,226.86,228.55,339.31,339.81,241.03,242.25,298.64,299.33,257.11,256.82,250.06,252.19,269.30,270.24,254.10,254.88
3/1/18,211.79,211.54,234.38,232.72,231.14,231.19,343.48,342.12,241.57,240.89,300.54,299.04,259.96,258.22,255.13,253.88,270.74,268.65,256.95,255.63
4/1/18,214.94,212.60,234.42,232.41,231.69,230.72,346.81,343.43,244.93,242.62,302.90,299.81,263.15,259.57,257.07,254.64,272.05,269.91,259.21,256.49
5/1/18,217.32,213.31,240.55,237.06,234.74,231.46,350.95,346.50,248.72,244.72,304.54,300.35,266.06,261.64,260.61,256.09,274.64,270.74,262.27,258.03
6/1/18,220.01,214.45,241.12,237.39,236.81,232.85,355.33,350.30,251.28,245.86,306.16,302.57,265.37,261.07,263.23,257.27,276.62,272.03,263.96,259.11
7/1/18,219.95,214.91,241.34,236.84,237.93,234.14,354.79,350.17,251.84,246.51,306.99,303.53,267.85,263.43,265.07,259.14,276.00,272.24,264.75,260.08
8/1/18,220.37,216.04,242.02,238.88,237.00,233.37,355.87,352.75,252.25,247.33,308.86,306.19,268.86,265.02,263.48,259.00,276.72,273.49,265.25,261.33
9/1/18,220.19,217.09,240.45,238.39,236.64,233.93,357.55,354.86,250.94,247.87,307.34,305.37,268.17,265.33,262.52,259.54,275.93,273.86,264.60,261.76
10/1/18,220.45,218.41,242.06,240.86,235.66,234.13,357.32,356.21,251.99,250.18,306.63,306.34,266.75,264.85,263.16,260.72,275.60,275.00,264.34,262.67
11/1/18,218.82,218.27,243.57,242.69,238.11,236.47,358.99,358.39,250.83,249.63,307.08,307.31,268.57,267.53,262.88,261.89,277.77,277.26,265.11,264.16
12/1/18,217.58,219.36,242.32,242.34,237.64,237.27,358.24,359.12,250.51,250.88,306.18,308.52,268.69,268.60,261.82,263.09,276.39,277.00,264.33,264.96
1/1/19,217.27,220.40,243.86,244.00,238.02,238.06,361.39,363.48,250.28,250.87,306.85,309.14,268.87,269.74,262.56,265.13,277.95,279.05,264.96,266.34
2/1/19,220.82,222.35,245.58,245.52,237.83,239.43,361.78,362.16,252.86,253.92,309.03,309.23,271.32,270.67,263.89,265.88,279.17,279.92,266.91,267.42
3/1/19,222.89,222.52,247.53,245.93,238.80,238.58,365.77,364.23,253.75,252.75,313.14,311.40,273.93,271.88,269.09,267.45,283.30,281.09,269.77,268.22
4/1/19,226.13,223.63,250.56,248.43,241.78,240.53,373.54,369.65,257.24,254.72,316.84,313.49,277.41,273.67,270.52,268.04,283.67,281.38,272.88,269.94
5/1/19,229.02,224.96,252.63,249.06,244.97,241.62,375.26,370.81,260.41,256.48,319.66,315.34,280.33,275.88,272.85,268.17,286.63,282.89,275.67,271.37
6/1/19,231.14,225.54,254.33,250.66,245.89,242.33,376.69,371.72,261.92,256.86,319.43,316.03,280.07,275.99,275.47,269.31,288.58,283.80,276.84,272.06
7/1/19,232.00,226.92,256.11,251.39,246.86,243.46,380.68,375.92,262.33,257.12,321.38,318.29,281.08,276.71,276.53,270.56,288.50,284.73,278.01,273.39
8/1/19,231.98,227.54,253.45,250.23,247.55,244.00,379.13,376.00,264.16,259.10,321.45,318.64,281.21,277.10,276.30,271.60,288.88,285.45,277.95,273.88
9/1/19,232.19,228.89,256.32,254.15,247.38,244.47,382.18,378.96,262.37,259.17,321.66,319.55,283.70,280.61,276.75,273.48,288.55,286.40,278.79,275.73
10/1/19,231.11,228.79,256.81,255.26,248.28,246.61,382.16,380.81,262.38,260.21,322.11,321.57,283.97,281.97,276.96,274.09,288.71,287.96,278.86,276.94
11/1/19,232.09,231.46,254.94,254.02,249.17,247.19,383.56,382.79,263.60,262.15,322.63,322.78,284.17,282.89,276.42,275.31,289.13,288.47,279.26,278.13
12/1/19,230.24,232.14,258.35,258.44,249.29,248.56,387.34,388.07,263.25,263.41,322.26,324.74,284.74,284.51,277.50,278.75,292.01,292.49,279.87,280.43
1/1/20,230.35,233.49,259.73,259.81,249.89,249.58,388.39,390.63,265.40,265.83,325.77,328.05,287.40,288.13,275.24,277.93,291.22,292.25,280.89,282.19
2/1/20,234.38,235.75,262.75,262.52,251.21,252.80,394.16,394.53,266.87,267.88,329.89,329.82,290.97,290.04,279.85,281.76,292.31,292.83,284.16,284.49
3/1/20,237.08,236.66,264.41,262.87,253.12,252.82,399.81,398.24,270.66,269.33,333.20,331.26,292.15,289.76,282.79,280.90,296.40,294.14,286.90,285.18
4/1/20,240.11,237.48,266.35,263.97,254.33,252.82,401.05,396.77,272.42,269.72,336.59,332.98,293.65,289.79,285.87,283.32,298.71,296.23,289.16,286.02
5/1/20,241.42,237.23,267.11,263.35,256.39,252.89,401.39,396.97,271.42,267.39,334.83,330.35,295.71,291.15,287.19,282.19,299.89,296.27,290.13,285.71
6/1/20,244.77,238.95,270.74,266.96,258.40,255.13,406.25,401.33,275.80,270.80,339.07,335.70,298.50,294.43,291.81,285.26,304.24,299.14,293.73,288.86
7/1/20,248.22,242.97,275.06,269.99,261.99,258.74,412.79,407.73,281.45,276.10,342.28,339.35,301.58,297.05,294.78,288.56,304.63,300.72,297.06,292.31
8/1/20,250.74,246.00,277.38,273.88,267.14,263.43,417.61,414.34,285.85,280.38,347.92,344.88,306.21,301.69,297.63,292.52,309.79,306.08,301.24,296.85
9/1/20,253.46,249.80,280.99,278.58,271.61,268.38,426.46,422.72,290.28,286.79,352.88,350.60,309.71,306.26,302.13,298.44,311.45,309.13,305.11,301.71
10/1/20,255.87,253.21,282.35,280.40,274.61,272.69,431.01,429.49,294.95,292.39,357.16,356.41,313.64,311.43,304.19,300.83,314.15,313.26,308.28,306.06
11/1/20,256.63,255.88,284.96,283.78,277.25,274.87,436.41,435.55,297.62,295.92,361.81,361.95,316.66,315.14,304.30,303.14,315.01,314.23,310.63,309.29
12/1/20,257.42,259.54,288.47,288.50,279.10,278.03,440.81,441.55,299.22,299.27,363.78,366.58,318.64,318.30,304.69,305.90,318.39,318.80,312.65,313.18
1/1/21,258.40,261.79,288.92,288.85,282.73,282.19,446.16,448.74,301.77,302.13,368.97,371.48,321.87,322.56,306.35,309.32,320.62,321.67,315.37,316.70
2/1/21,262.60,264.02,292.86,292.42,282.10,283.79,455.17,455.58,303.82,304.98,377.64,377.44,325.91,324.71,311.17,313.11,326.55,327.04,319.97,320.21
3/1/21,267.91,267.43,298.37,296.72,287.89,287.51,469.18,467.37,313.96,312.32,386.56,384.27,334.36,331.48,318.27,316.14,332.73,330.19,327.40,325.39
4/1/21,274.30,271.32,306.61,303.65,296.04,294.25,484.54,479.24,321.59,318.44,396.35,392.03,341.12,336.73,323.66,320.84,339.88,336.98,335.23,331.56
5/1/21,280.44,275.64,313.12,308.65,301.89,297.77,495.66,490.36,330.79,325.95,406.98,401.63,348.8,343.52,333.56,327.79,345.58,341.64,342.91,337.76
6/1/21,286.62,279.86,318.47,314.09,304.18,300.63,509.82,503.84,335.36,329.51,412.53,408.59,355.03,350.3,338.45,330.93,354.35,348.38,349.17,343.48
7/1/21,288.33,282.32,325.4,319.38,308.85,305.3,518.39,511.97,339.97,333.63,417.45,414.02,362.33,356.95,340.53,333.43,358.49,353.88,353.95,348.36